{
  "Core_VIP,Low_QoT": [
    -6.8523250758000005,
    1.8107731047853872,
    -50.23781836505879
  ],
  "Access_Aggregation,Low_QoT": [
    -7.549681956000001,
    1.093356500150918,
    -1.9617051236979122
  ],
  "Core_VIP,High_Congestion": [
    -10.337666,
    -19.95,
    -5.789254124346314
  ],
  "Access_Aggregation,High_Congestion": [
    -11.0377778201,
    -15.134905,
    1.725429279863413
  ]
}