{
  "Core_VIP,Low_QoT": [
    -6.8618940391,
    9.999924982764238,
    -68.618940391
  ],
  "Access_Aggregation,Low_QoT": [
    -4.68559,
    9.852191170585654,
    4.996132229949273
  ],
  "Core_VIP,High_Congestion": [
    -4.68559,
    -6.878,
    29.946089691002566
  ],
  "Access_Aggregation,High_Congestion": [
    -4.68559,
    -8.1902,
    29.391733212286642
  ]
}