{
  "seeds": [
    42,
    52,
    62
  ],
  "methods": [
    "rule",
    "rl",
    "dqn"
  ],
  "load_levels": {
    "low": 10,
    "mid": 15,
    "high": 25
  },
  "metrics": [
    "risk_repair_rate",
    "risk_after",
    "congestion_after",
    "low_qot_after",
    "avg_osnr_after",
    "avg_reroute_actions",
    "avg_boost_actions",
    "control_messages"
  ],
  "results": {
    "low": {
      "rule": {
        "risk_repair_rate": {
          "mean": 0.016017966110929545,
          "std": 0.0010002682611237217
        },
        "risk_after": {
          "mean": 4.111111111111111,
          "std": 0.2528845928164675
        },
        "congestion_after": {
          "mean": 0.8333333333333334,
          "std": 0.1784708711578779
        },
        "low_qot_after": {
          "mean": 3.2777777777777777,
          "std": 0.20427529234278052
        },
        "avg_osnr_after": {
          "mean": 36.051633333333335,
          "std": 0.6702925734886763
        },
        "avg_reroute_actions": {
          "mean": 0.6444444444444445,
          "std": 0.10999438818457408
        },
        "avg_boost_actions": {
          "mean": 3.0444444444444443,
          "std": 0.1930905244109195
        },
        "control_messages": {
          "mean": 9.0,
          "std": 0.615238586662539
        }
      },
      "rl": {
        "risk_repair_rate": {
          "mean": 0.09634440382670917,
          "std": 0.03498570178018562
        },
        "risk_after": {
          "mean": 3.7555555555555555,
          "std": 0.26152449546532913
        },
        "congestion_after": {
          "mean": 0.8555555555555555,
          "std": 0.17708197167232476
        },
        "low_qot_after": {
          "mean": 2.9,
          "std": 0.24944382578492946
        },
        "avg_osnr_after": {
          "mean": 36.49415555555556,
          "std": 0.5883022165729901
        },
        "avg_reroute_actions": {
          "mean": 2.1777777777777776,
          "std": 0.1930905244109196
        },
        "avg_boost_actions": {
          "mean": 1.488888888888889,
          "std": 0.06285393610547098
        },
        "control_messages": {
          "mean": 10.488888888888889,
          "std": 0.6232134961057848
        }
      },
      "dqn": {
        "risk_repair_rate": {
          "mean": 0.12680668627622627,
          "std": 0.0551303445306253
        },
        "risk_after": {
          "mean": 3.6555555555555554,
          "std": 0.27932900199947847
        },
        "congestion_after": {
          "mean": 0.8777777777777778,
          "std": 0.16405358955814892
        },
        "low_qot_after": {
          "mean": 2.7777777777777777,
          "std": 0.3510126444206959
        },
        "avg_osnr_after": {
          "mean": 36.74428888888889,
          "std": 0.5222832212601476
        },
        "avg_reroute_actions": {
          "mean": 2.422222222222222,
          "std": 0.5209203630991575
        },
        "avg_boost_actions": {
          "mean": 1.5333333333333334,
          "std": 0.445554170128076
        },
        "control_messages": {
          "mean": 10.799999999999999,
          "std": 0.9416297927883693
        }
      }
    },
    "mid": {
      "rule": {
        "risk_repair_rate": {
          "mean": 0.026295371472631134,
          "std": 0.005931079586750284
        },
        "risk_after": {
          "mean": 6.1,
          "std": 0.31387659759612296
        },
        "congestion_after": {
          "mean": 1.2555555555555555,
          "std": 0.10304020550550776
        },
        "low_qot_after": {
          "mean": 4.844444444444444,
          "std": 0.3247030932489434
        },
        "avg_osnr_after": {
          "mean": 35.94397037037037,
          "std": 0.70947214861266
        },
        "avg_reroute_actions": {
          "mean": 1.2222222222222223,
          "std": 0.041573970964154855
        },
        "avg_boost_actions": {
          "mean": 4.377777777777777,
          "std": 0.4166296279833929
        },
        "control_messages": {
          "mean": 13.755555555555555,
          "std": 0.7335016641821777
        }
      },
      "rl": {
        "risk_repair_rate": {
          "mean": 0.11693887705365467,
          "std": 0.025064813623819824
        },
        "risk_after": {
          "mean": 5.611111111111111,
          "std": 0.3292340531117567
        },
        "congestion_after": {
          "mean": 1.2777777777777777,
          "std": 0.09558139185602912
        },
        "low_qot_after": {
          "mean": 4.333333333333333,
          "std": 0.36817870057290863
        },
        "avg_osnr_after": {
          "mean": 36.388074074074076,
          "std": 0.6810432071361411
        },
        "avg_reroute_actions": {
          "mean": 3.4444444444444446,
          "std": 0.2753224820747527
        },
        "avg_boost_actions": {
          "mean": 2.2444444444444445,
          "std": 0.19309052441091967
        },
        "control_messages": {
          "mean": 16.155555555555555,
          "std": 0.9723333269848529
        }
      },
      "dqn": {
        "risk_repair_rate": {
          "mean": 0.10689599022707087,
          "std": 0.030261264032454355
        },
        "risk_after": {
          "mean": 5.555555555555555,
          "std": 0.30590888662080457
        },
        "congestion_after": {
          "mean": 1.2555555555555555,
          "std": 0.09558139185602921
        },
        "low_qot_after": {
          "mean": 4.3,
          "std": 0.34102242784939574
        },
        "avg_osnr_after": {
          "mean": 36.538162962962964,
          "std": 0.6592433978116896
        },
        "avg_reroute_actions": {
          "mean": 3.2888888888888888,
          "std": 0.5404616225340136
        },
        "avg_boost_actions": {
          "mean": 2.6888888888888887,
          "std": 0.4840671313509326
        },
        "control_messages": {
          "mean": 15.733333333333334,
          "std": 1.1098882159262042
        }
      }
    },
    "high": {
      "rule": {
        "risk_repair_rate": {
          "mean": 0.06841974069407783,
          "std": 0.011122568730474371
        },
        "risk_after": {
          "mean": 10.788888888888888,
          "std": 0.6190394789859609
        },
        "congestion_after": {
          "mean": 2.8555555555555556,
          "std": 0.27799991118215117
        },
        "low_qot_after": {
          "mean": 7.933333333333333,
          "std": 0.6503560278516398
        },
        "avg_osnr_after": {
          "mean": 35.45003111111111,
          "std": 0.6363779232461333
        },
        "avg_reroute_actions": {
          "mean": 3.6222222222222222,
          "std": 0.38713891978187454
        },
        "avg_boost_actions": {
          "mean": 6.855555555555555,
          "std": 0.47557632353406004
        },
        "control_messages": {
          "mean": 26.77777777777778,
          "std": 1.5549999007582032
        }
      },
      "rl": {
        "risk_repair_rate": {
          "mean": 0.13903877990483887,
          "std": 0.031919383962306834
        },
        "risk_after": {
          "mean": 10.011111111111111,
          "std": 0.7737993487324514
        },
        "congestion_after": {
          "mean": 2.911111111111111,
          "std": 0.3154459903684086
        },
        "low_qot_after": {
          "mean": 7.1000000000000005,
          "std": 0.730803717884682
        },
        "avg_osnr_after": {
          "mean": 35.82067555555555,
          "std": 0.6628779505187599
        },
        "avg_reroute_actions": {
          "mean": 7.022222222222222,
          "std": 0.5472715713788778
        },
        "avg_boost_actions": {
          "mean": 3.477777777777778,
          "std": 0.20608041101101565
        },
        "control_messages": {
          "mean": 30.244444444444444,
          "std": 1.4813240657109155
        }
      },
      "dqn": {
        "risk_repair_rate": {
          "mean": 0.11903827404847094,